keggId	uniprotId
YDL004W	Q12165
YDR352W	Q06328
YCR098C	P25346
YJR159W	P35497
YBR004C	P38211
YEL021W	P03962
YDR456W	Q04121
YOR100C	Q12289
YLR240W	P22543
YCL064C	P25379
YLR180W	P10659
YPR113W	P06197
YMR015C	P54781
YPL214C	P41835
YLR342W	P38631
YPR145W	P49089
YHR123W	P22140
YGL148W	P28777
YDL067C	P07255
YLR157C	P0CZ17
YLR157C	P0CX77
YLR157C	P0CX78
YLR157C	P0CX79
YDL022W	Q00055
YMR145C	P40215
YDL171C	Q12680
YOR171C	Q12246
YOR360C	P06776
Q0085	P00854
YIL094C	P40495
YER081W	P40054
YML004C	P50107
YDR399W	Q04178
YOL136C	Q12471
YGR264C	P00958
YNL073W	P32048
YHR106W	P38816
YJR158W	P47185
YDL198C	P38988
YNL106C	P50942
YDR071C	Q12447
YGL184C	P53101
YAL061W	P39713
YJR077C	P23641
YDR530C	P22108
YJR105W	P47143
YNL267W	P39104
YOR099W	P27810
YNL268W	P32487
YLR432W	P50095
YML110C	P49017
YER003C	P29952
YER060W-A	Q12119
YBR176W	P38122
YHR144C	P06773
YPL212C	Q12211
YDR384C	Q12359
YNL334C	P53823
YNR016C	Q00955
YCR037C	P25360
YGR286C	P32451
YOL156W	P54862
YLR047C	Q12209
YDR093W	Q12675
YOR143C	P35202
YGR248W	P53315
YOL092W	Q12010
YKL087C	Q00873
YGR208W	P42941
YBR021W	P05316
YLR286C	P29029
YPL076W	P46961
YOL122C	P38925
YLR017W	Q07938
YOR067C	P40351
YGL154C	P50113
YNL141W	P53909
YKL008C	P28496
YDR284C	Q05521
YCL050C	P16550
YHR096C	P38695
YJL045W	P47052
YOR306C	Q08777
YIL107C	P40433
YEL070W	P0CX08
YEL070W	P0CX09
YNL029C	P53966
YGR256W	P53319
YNL129W	P53915
YER073W	P40047
YOR095C	Q12189
YCL069W	P25594
YER053C	P40035
YNL003C	P38921
YOR303W	P07258
YIL020C	P40545
YOR126C	P41734
YPL268W	P32383
YBL013W	P32785
YDR428C	Q04066
YCR028C	P25621
YLR359W	Q05911
YOR130C	Q12375
YBR294W	P38359
YNR043W	P32377
YLR260W	Q06147
YPL110C	Q02979
YDR135C	P39109
YOR316C	P32798
YLR158C	P0CZ17
YLR158C	P0CX77
YLR158C	P0CX78
YLR158C	P0CX79
YHR201C	P38698
YBR058C-A	Q3E790
YEL069C	P39924
YDL103C	P43123
YJL046W	P47051
YDL246C	Q07786
YOL077W-A	P81451
YKL019W	P29703
YGL156W	P22855
YLR239C	Q06005
YKR097W	P10963
YHR001W-A	P37299
YDL120W	Q07540
YJR133W	P47165
YJL214W	P40886
YDL078C	P32419
YLR070C	Q07993
YPR159W	P32486
YCR005C	P08679
YOR221C	Q12283
YPL206C	Q08959
YIL048W	P40527
YDL243C	Q07747
YMR217W	P38625
YCR068W	P25641
YNL142W	P41948
YGL253W	P04807
YML100W	P38427
YJR049C	P21373
YGR144W	P32318
YOR384W	Q08908
YNL241C	P11412
YDL055C	P41940
YFR055W	P43623
YPL147W	P41909
YNL048W	P53954
YPR127W	Q06494
YDR483W	P27809
YDL215C	P33327
YHL012W	P38709
YDL093W	P52867
YLR153C	P52910
YLR231C	Q05979
YDR297W	P38992
YHR094C	P32465
YFL022C	P15625
YDR208W	P38994
YMR210W	Q03649
YKL026C	P36014
YIL155C	P32191
YDR454C	P15454
YPR156C	Q06451
YBR153W	P33312
YHR018C	P04076
YHR063C	P38787
YAL060W	P39714
YBR205W	P38130
YMR298W	Q03579
YFR025C	P38635
YKR067W	P36148
YGL037C	P53184
YER023W	P32263
YPL059W	Q02784
YPR128C	Q06497
YNL191W	P53871
YGR175C	P32476
YHR074W	P38795
YGR260W	P53322
YKR031C	P36126
YJL100W	P42951
YMR083W	P07246
YAR015W	P27616
YBL068W	P38063
YCL035C	P25373
YLR295C	Q12349
YLR258W	P27472
YCR083W	P25372
YDR508C	P48813
YNL037C	P28834
YJL166W	P08525
YNR033W	P37254
YCR012W	P00560
YJR009C	P00358
YKL182W	P07149
YOL011W	Q08108
YOR381W	Q08905
YLR056W	P32353
YDR158W	P13663
YEL066W	P39979
YLR382C	P11325
YNL036W	P53615
YPL078C	P05626
YDR539W	Q03034
YGR088W	P06115
YGL012W	P25340
YPR026W	P48016
YMR105C	P37012
YBL080C	P33893
YJL216C	P40884
YDR400W	Q04179
YOL097C	Q12109
YKL174C	P36029
YBR121C	P38088
YGR046W	P53230
YJL221C	P0CW40
YJL221C	P0CW41
YDR178W	P37298
YLR057W	Q12205
YOR245C	Q08650
YDL131W	Q12122
YGR193C	P16451
YDR354W	P07285
YEL041W	P32622
YKL216W	P28272
YOR270C	P32563
YDL052C	P33333
YPL091W	P41921
YER086W	P00927
YJL153C	P11986
YOR184W	P33330
YCR048W	P25628
YDR453C	Q04120
YJR019C	P41903
YBR183W	P38298
YNL104C	P06208
YJL129C	P12685
YEL029C	P39988
YDR036C	P28817
YLR245C	Q06549
YBR046C	P38230
YHR174W	P00925
YBR022W	P38218
YBL011W	P32784
YLR151C	Q12524
YER019W	P40015
YMR303C	P00331
YJL005W	P08678
YJL134W	P47013
YGL205W	P13711
YGR194C	P42826
YDR536W	P39932
YNL256W	P53848
YJR040W	P37020
YBR034C	P38074
YEL017C-A	P40975
YHR002W	P38702
YPL244C	Q12520
YKL069W	P36088
YPL015C	P53686
YDR403W	P21623
YOR375C	P07262
YMR006C	Q03674
YOR161C	Q12412
YOR108W	Q12166
YHR119W	P38827
YKL218C	P36007
YER026C	P08456
YDR234W	P49367
YEL039C	P00045
YPL028W	P41338
YMR189W	P49095
YPL111W	P00812
YHL003C	P38703
YBR001C	P35172
YNR072W	P53631
YMR256C	P10174
YMR113W	Q12676
YJR095W	P33303
YDR019C	P48015
YAL035W	P39730
YGR243W	P53311
YCR036W	P25332
YDR322C-A	P81449
YMR272C	Q03529
YMR099C	Q03161
YJR048W	P00044
YBR192W	P38127
YBR026C	P38071
YOL052C	P21182
YMR250W	Q04792
YDR256C	P15202
YDR272W	Q05584
YOL075C	Q08234
YHL016C	P33413
YJR155W	P47182
YJL139C	P26725
YDR270W	P38995
YBR161W	P38287
YDR226W	P07170
YKR076W	P36156
YFR019W	P34756
YIL074C	P40510
YJL168C	P46995
YOR002W	Q12001
YGR289C	P53048
YML042W	P32796
YGR282C	P15703
YMR300C	P04046
YBR222C	P38137
YFR033C	P00127
YIR027C	P32375
YDL185W	P17255
YMR202W	P32352
YMR241W	Q04013
YLR372W	P40319
YJR104C	P00445
YBR218C	P32327
YPR033C	P07263
YOR168W	P13188
YLR081W	P13181
YGL084C	P53154
YHR037W	P07275
YPL175W	P32363
YER037W	P40025
YJL101C	P32477
YGL062W	P11154
YNL331C	P42884
YGR234W	P39676
YLL053C	P0CD98
YBR020W	P04385
YGR138C	P53283
YPR081C	Q06817
YGL202W	P53090
YJR121W	P00830
YKL192C	P32463
YMR120C	P38009
YEL063C	P04817
YMR170C	P47771
YLR092W	Q12325
YGL063W	P53167
YGL119W	P27697
YPR001W	P43635
YGL248W	P22434
YMR110C	Q04458
YBR126C	Q00764
YLR308W	Q06703
YBR145W	P38113
YLR345W	Q06137
YLR355C	P06168
YER183C	P40099
YHR068W	P38791
YPR183W	P14020
YFL053W	P43550
YDL095W	P33775
YDR148C	P19262
YLL031C	Q07830
YHR025W	P17423
YEL024W	P08067
YOR323C	P54885
YKR069W	P36150
YHR039C-A	P48836
YDR497C	P30605
YJR143C	P46971
YCR010C	P25613
YKL029C	P36013
YKL188C	P34230
YHR007C	P10614
YCL018W	P04173
YKL001C	Q02196
YOR176W	P16622
YOL033W	P48525
YLR303W	P06106
YOR011W	Q08409
YGR277C	P53332
YNL219C	P53868
YDR062W	P40970
YKL094W	P28321
YML106W	P13298
YGR183C	P22289
YDR050C	P00942
YDR072C	P38954
YPR191W	P07257
YGL191W	P32799
YJL060W	P47039
YNL192W	P08004
YDR298C	P09457
YLR328W	Q06178
YAL026C	P39524
YOL143C	P50861
YLR099C	Q12385
YNL117W	P30952
YLL061W	Q12372
YAL062W	P39708
YPL104W	P15179
YBR229C	P38138
YCL052C	P25580
YLR386W	Q06708
YGR155W	P32582
YER056C	P17064
YBR298C	P38156
YGR292W	P53341
YJL137C	P47011
YMR011W	P23585
YML126C	P54839
YKL181W	P32895
YKL212W	P32368
YNL318C	P42833
YOR241W	Q08645
YIR038C	P40582
YPR035W	P32288
YBR029C	P38221
YBR196C	P12709
YNL038W	P53961
YDR204W	O13525
YJL003W	P47081
YMR088C	Q04301
YIR031C	P21826
YHR013C	P07347
YAL044C	P39726
YCR105W	P25377
YGR110W	P53264
YKL150W	P36060
YBR011C	P00817
YPR138C	P53390
YNL052W	P00424
YBR036C	P35206
YOR071C	Q08485
YNR030W	P53730
YLR300W	P23776
YGL224C	P53078
YML056C	P50094
YER052C	P10869
YER024W	P40017
YLR438W	P07991
YIL013C	P40550
YGR036C	P53223
YMR281W	P23797
YNL335W	P0CH63
YNL335W	P0CH64
YBR097W	P22219
YLR133W	P20485
YJR109C	P03965
YKR089C	P36165
YNL229C	P23202
YJR025C	P47096
YLR044C	P06169
YHR051W	P00427
YDR502C	P19358
YKR053C	P23501
YLR450W	P12684
YCR053W	P16120
YMR205C	P16862
YLL060C	Q12390
YHR092C	P32467
YHR011W	P38705
YGL255W	P32804
YGR147C	P37293
YPR118W	Q06489
YKL004W	P36107
YNR067C	P53753
YBR068C	P38084
YIL162W	P00724
YKR009C	Q02207
YOR321W	P47190
YMR323W	P42222
YDR302W	Q06636
YCL038C	P25568
YBR117C	P33315
YGL008C	P05030
YEL004W	P40004
YPL188W	Q06892
Q0250	P00410
YBR221C	P32473
YGR247W	P53314
YGR154C	P48239
YIL116W	P07172
YOL061W	Q12265
YBL064C	P34227
YPR011C	Q12251
YIL043C	P38626
YMR306W	Q04952
YBR293W	P38358
YGR010W	P53204
YGL040C	P05373
YOR175C	Q08548
YML054C	P00175
YGL047W	P53178
YGL125W	P53128
YDR300C	P32264
YOL151W	Q12068
YGR087C	P26263
YBL099W	P07251
YEL031W	P39986
YKR072C	P36024
YGL196W	P53095
YLL048C	P32386
YDR105C	Q12116
YBR038W	P14180
YHR044C	P38774
YOL049W	Q08220
YGR012W	P53206
YMR313C	P40308
YGL006W	P38929
YMR169C	P54114
YOR196C	P32875
YNL045W	Q10740
YOR332W	P22203
YOL096C	P27680
YLR028C	P54113
YLR284C	Q05871
YHR116W	P38824
YPL096C-A	P62651
YPL097W	P48527
YGR227W	P50076
YHR162W	P38857
YNL274C	P53839
YIR028W	Q04895
YBR235W	P38329
YDR035W	P14843
YDR343C	P39003
YKL016C	P30902
YJL133W	P10566
YLR138W	Q99271
YDR039C	Q01896
YGR007W	P33412
YPL258C	Q08975
YIR037W	P40581
YPL160W	P26637
YDL085W	Q07500
YGR032W	P40989
YAR071W	P35842
YKL120W	P32332
YDL219W	Q07648
Q0130	P61829
YGL038C	P31755
YKL106W	Q01802
YDR341C	Q05506
YIL124W	P40471
YGL080W	P53157
YOR081C	Q12043
YER043C	P39954
YPL189W	Q08929
YHL036W	P38734
YER061C	P39525
YDR437W	Q04082
YOR192C	Q08579
YIL099W	P08019
YKL088W	P36076
YMR251W	Q04806
YLR160C	P0CZ17
YLR160C	P0CX77
YLR160C	P0CX78
YLR160C	P0CX79
YDL024C	P52290
YER065C	P28240
YDR321W	P38986
YER069W	Q01217
YHR208W	P38891
YIL145C	P40459
YJR103W	P38627
YLR164W	Q06236
YDR410C	P32584
YDR236C	Q03778
YOR251C	Q08686
YJR130C	P47164
YFR044C	P43616
YLR146C	Q12455
YKL140W	P34163
YGR192C	P00359
YLR209C	Q05788
YOR278W	P06174
YMR087W	Q04299
YPL262W	P08417
YJR051W	P21375
YBR299W	P38158
YBR180W	P38125
YGL169W	P32579
YKR093W	P32901
YGR267C	P51601
YNL277W	P08465
YGR244C	P53312
YGR255C	P53318
YNL092W	P53934
YPL252C	Q12184
YDR191W	P53688
YMR009W	Q03677
YBR002C	P35196
YDR007W	P00912
YMR084W	A2P2R3
YAL039C	P06182
YHR020W	P38708
YJR160C	P0CE00
YDR261C	P52911
YJR013W	P47088
YKL060C	P14540
YOL066C	Q12362
YNR050C	P38999
YDR373W	Q06389
YML086C	P54783
YGL256W	P10127
YDR074W	P31688
YBR149W	P38115
YOL055C	Q08224
YKL165C	P36051
YML022W	P49435
YDR173C	P07250
YDR147W	Q03764
YML035C	P15274
YDR376W	P48360
YMR013C	P20048
YLR305C	P37297
YDR342C	P39004
YIR034C	P38998
YDR040C	P13587
YJR137C	P47169
YOR149C	Q04174
YOR285W	Q12305
YKL024C	P15700
YGR171C	P22438
YDR408C	P04161
YOR334W	Q01926
YDR001C	P32356
YIL023C	P40544
YHR163W	P38858
YKL211C	P00937
Q0105	P00163
YDR402C	P21595
YDR305C	P49775
YLL001W	P54861
YDR047W	P32347
YBR291C	P38152
YPR058W	P32331
YJR139C	P31116
YGL187C	P04037
YDR044W	P11353
YLR307W	Q06702
YMR243C	P20107
YDL182W	P48570
YDL210W	P32837
YDR481C	P11491
YML082W	Q04533
YER090W	P00899
YJL126W	P47016
YNL270C	P38971
YKL220C	P36033
YLR027C	P23542
YGR254W	P00924
YBR204C	P38139
YMR246W	P47912
YDR058C	P54857
YKL067W	P36010
YDR242W	P22580
YLR011W	Q07923
YKR080W	Q02046
YHR008C	P00447
YDL142C	Q07560
YMR318C	Q04894
YPL117C	P15496
YOL064C	P32179
YFR047C	P43619
YGR191W	P06775
YNR056C	P53744
YEL038W	P32626
YBR085W	P18238
YLR237W	Q05998
YBR243C	P07286
YBR295W	P38360
YOL065C	Q08227
YEL071W	P39976
YPL271W	P21306
YJL071W	P40360
YFL055W	P43548
YOR040W	Q12320
YLL028W	Q07824
YNL202W	P32573
YOR120W	P14065
YCL040W	P17709
YOL152W	Q12333
YPL132W	P19516
YKR043C	P36136
YNL280C	P32462
YOL140W	P18544
YER091C	P05694
YHR183W	P38720
YER178W	P16387
YLL012W	Q07804
YGL104C	P53142
YPR192W	P0CD91
YNR073C	P0CX08
YNR073C	P0CX09
YER175C	P32643
YBL042C	P38196
YFR015C	P23337
YBL033C	P38066
YLR201C	Q05779
YGL225W	P40107
YGL234W	P07244
YML125C	Q12746
YNR060W	P53746
YGL001C	P53199
YMR062C	Q04728
YOR074C	P06785
YDL174C	P32891
YBR035C	P38075
YGL245W	P46655
YGR124W	P49090
YOR125C	P41735
YLL015W	P14772
YLL043W	P23900
YDR294C	Q05567
YLR377C	P09201
YOR142W	P53598
YIL006W	P40556
YBR147W	P38279
YGR170W	P53037
YOL068C	P53685
YIL125W	P20967
YPL172C	P21592
YBR006W	P38067
YLR447C	P32366
YOL165C	Q08361
YJR024C	P47095
YGR204W	P07245
YPR167C	P18408
YPL023C	P46151
YBR093C	P00635
YOR377W	P40353
YKL215C	P28273
YPL135W	Q03020
YLR395C	P04039
YMR267W	P28239
YBL039C	P28274
YGR180C	P49723
YLL041C	P21801
YMR054W	P37296
YBL076C	P09436
YER005W	P40009
YKL080W	P31412
YJL219W	P40885
YOR317W	P30624
YMR165C	P32567
YDR232W	P09950
YKL152C	P00950
YML059C	Q04958
YOL059W	P41911
YNL315C	P32453
YIL009W	P39002
YPL061W	P54115
YJL198W	P39535
YDR441C	P36973
YDR380W	Q06408
YOL058W	P22768
YGR043C	P53228
YIL111W	P00425
YNL292W	P48567
YPL036W	P19657
YCR011C	P25371
YDR345C	P32466
YOR163W	Q99321
YDR529C	P00128
YDL045C	P38913
YOR025W	P53687
YHR026W	P23968
YKL127W	P33401
YCL030C	P00815
YLR134W	P16467
YML008C	P25087
YOR348C	P15380
YMR220W	P24521
YDR538W	P33751
YDL247W	P0CD99
YBR110W	P16661
YLR189C	Q06321
YGR216C	P53306
YNR027W	P53727
YPL087W	Q02896
YBL045C	P07256
YPL274W	Q08986
YGL142C	P30777
YBL098W	P38169
YBR084W	P09440
YOR202W	P06633
YMR207C	P32874
YBR256C	P38145
YGR055W	P50276
YHR072W	P38604
YBR018C	P08431
YLR038C	Q01519
YDR231C	Q04935
YDR248C	Q03786
YDR046C	P41815
YJL121C	P46969
YER015W	P39518
YKL035W	P32861
YBR252W	P33317
YKL104C	P14742
YER087W	P39965
YDR516C	Q04409
YMR271C	P30402
YLR351C	P49954
YFR030W	P39692
YDR196C	Q03941
YMR293C	Q03557
YLR043C	P22217
YOR311C	Q12382
YHR137W	P38840
YKR039W	P19145
YBR069C	P38085
YPR062W	Q12178
YHR019C	P38707
YKL132C	P36001
YER070W	P21524
YJR149W	P47177
YGR019W	P17649
YFL058W	P43534
YMR108W	P07342
YOL126C	P22133
YAL038W	P00549
YAL022C	P31381
YJR110W	P47147
YGR060W	P53045
YJL212C	P40897
YDR127W	P08566
YBR132C	P38090
YOR286W	Q08742
YPR140W	Q06510
YPL092W	P41930
YGR157W	P05374
YDR367W	Q06346
YKR058W	P36143
YPL227C	P40350
YBR213W	P15807
YNL065W	P53943
YAL012W	P31373
YIL053W	P41277
YOR054C	Q08438
YKL146W	P36062
YJL180C	P22135
YCL005W-A	Q3E7B6
YJL196C	P39540
YLR348C	Q06143
YJL167W	P08524
YPL134C	Q03028
YOR393W	P0CX10
YOR393W	P0CX11
YDL205C	P28789
YLR446W	Q06204
YIL002C	P40559
YNR019W	P53629
YBL030C	P18239
YJR057W	P00572
YLR089C	P52893
YOR128C	P21264
Q0080	P00856
YPL265W	P53388
YBR127C	P16140
YFL001W	P31115
YEL047C	P32614
YLR354C	P15019
YER042W	P40029
YPL148C	Q12036
YDR268W	P04803
YKL085W	P17505
YMR008C	P39105
YJL130C	P07259
YOR273C	Q12256
YOR391C	Q08914
YDR452W	Q04119
YJL200C	P39533
YDL178W	P46681
YJR148W	P47176
YNL325C	P42837
YIL134W	P40464
YLL051C	Q12473
YML081C-A	P81450
YPR074C	P23254
YGR020C	P39111
YBR070C	P38242
YOR109W	Q12271
YPR139C	Q06508
YHR042W	P16603
YBL015W	P32316
YOR065W	P07143
YLR020C	Q07950
YMR261C	P38426
YGR062C	P53239
YLL018C-A	Q3E731
YPR020W	Q12233
YER055C	P00498
YHR091C	P38714
YOL086C	P00330
YER062C	P40106
YPL040C	P48526
YEL058W	P38628
YNL071W	P12695
YHR046C	P38710
YLL058W	Q12198
YEL051W	P32610
YPR003C	P53394
YNR041C	P32378
YHR216W	P38697
YMR278W	Q03262
YIL160C	P27796
YGR177C	P53296
YCL017C	P25374
YOR236W	P07807
YHR067W	P38790
YBR042C	P38226
YMR056C	P04710
YEL042W	P32621
YHR100C	P38812
YKR052C	P23500
YGR096W	P53257
YOL157C	Q08295
YLR142W	P09368
YPL053C	P54070
YMR289W	Q03266
YJR016C	P39522
YMR162C	Q12674
YGL009C	P07264
Q0275	P00420
YCL047C	P25576
YPR036W	P41807
YLL062C	Q12525
YPR184W	Q06625
YML070W	P54838
YOR222W	Q99297
YBR115C	P07702
YLR172C	P32469
YOL130W	Q08269
YMR020W	P50264
YLR130C	Q12436
YNR058W	P50277
YER174C	P32642
YGR202C	P13259
YNL220W	P80210
YOR190W	P32603
YGR240C	P16861
YLL057C	Q12358
YDL042C	P06700
YDR513W	P17695
YPR069C	Q12074
YLR393W	P18496
YOL020W	P38967
YHR043C	P38773
YIL066C	P21672
YPL281C	P0CX10
YPL281C	P0CX11
YCR034W	P25358
YER152C	P10356
YGR209C	P22803
YHL018W	P38744
YDR038C	Q12691
YBR092C	P24031
YFL017C	P43577
YGL017W	P16639
YNL275W	P53838
YGL026C	P00931
YKL217W	P36035
YCL004W	P25578
YMR058W	P38993
YPR060C	P32178
YDR017C	Q12494
YJR069C	P47119
YLR299W	Q05902
YPR121W	Q06490
YJR073C	P05375
YJR010W	P08536
YER141W	P40086
YDR503C	Q04396
YDR287W	Q05533
YFL061W	P0CH63
YFL061W	P0CH64
YBR003W	P18900
YKL184W	P08432
YLL052C	P0CD90
YBR265W	P38342
YDL236W	P19881
YPL088W	Q02895
YML123C	P25297
YOR209C	P39683
YDR531W	Q04430
YDL066W	P21954
YFL011W	P43581
YDL100C	Q12154
YCR024C-A	P32903
YDL166C	Q12055
YFL030W	P43567
YBR296C	P38361
YDR023W	P07284
YGR094W	P07806
YGR143W	P33336
YMR208W	P07277
YBR041W	P38225
Q0045	P00401
YCL025C	P25376
YMR041C	Q04212
YMR319C	P40988
YLR420W	P20051
YNL316C	P32452
YPR160W	P06738
YDR051C	Q99288
YPL280W	Q08992
YNL247W	P53852
YPL273W	Q08985
YJL052W	P00360
YKL194C	P07236
YGR185C	P36421
YCR024C	P25345
YBR166C	P20049
YOR374W	P46367
YDL015C	Q99190
YKL055C	P35731
YDL245C	P54854
YCR107W	P25612
YDL080C	Q07471
YER010C	P40011
YER099C	P38620
YER014W	P40012
YJR078W	P47125
YBR039W	P38077
YDL040C	P12945
YBL091C	P38174
YER163C	P32656
YGL167C	P13586
YAR035W	P80235
YDR377W	Q06405
YBR249C	P32449
YNR012W	P27515
YBR244W	P38143
YJL097W	P40857
YGR065C	P53241
YDR487C	Q99258
YOR388C	Q08911
YOR283W	Q12040
YPR006C	Q12031
YGL055W	P21147
YLR244C	Q01662
YDR368W	Q12458
YHR128W	P18562
YAL023C	P31382
YMR226C	Q05016
YGL186C	P53099
YKL141W	P33421
YHL011C	P38689
YNR013C	P27514
YMR296C	P25045
YPL231W	P19097
YLR100W	Q12452
YKR066C	P00431
YNR057C	P53630
YNL169C	P39006
YAL054C	Q01574
YHR104W	P38715
YKR061W	P33550
YPR047W	P08425
YFL054C	P43549
YDR371W	Q06350
YJL155C	P32604
YBR019C	P04397
YGR121C	P40260
YLR155C	P0CZ17
YLR155C	P0CX77
YLR155C	P0CX78
YLR155C	P0CX79
YLL018C	P04802
YDR440W	Q04089
YGL022W	P39007
YLR214W	P32791
YHL032C	P32190
YIR036C	P40580
YEL006W	P39953
YBR281C	P38149
YER170W	P26364
YBR208C	P32528
YDR315C	Q06667
YDR037W	P15180
YDL090C	P22007
YDR111C	P52892
YDR387C	Q04162
YOR226C	Q12056
YDL168W	P32771
YNL333W	P53824
YIR029W	P25335
YOR155C	Q99312
YML075C	P12683
YKL103C	P14904
YGL027C	P53008
YJR131W	P32906
YOR335C	P40825
YLR304C	P19414
YCR075C	P17261
YDR009W	P13045
YFR053C	P04806
YPL060W	Q02783
YPR002W	Q12428
YGR287C	P53051
YDR098C	Q03835
YMR101C	Q03175
YPL069C	Q12051
YER060W	P40039
YNR001C	P00890
YDL141W	P48445
YBR023C	P29465
YOR136W	P28241
YLR174W	P41939
YBR248C	P33734
YEL046C	P37303
YJL026W	P09938
YIL078W	P04801
YLR285W	Q05874
YJR153W	P47180
YMR322C	Q04902
YLR109W	P38013
YNL101W	P50944
YBR199W	P38131
YDR353W	P29509
YPR021C	Q12482
YML120C	P32340
YBR159W	P38286
YPL057C	P33300
YMR301C	P40416
YLR410W	Q06685
YJR001W	P47082
YPL234C	P32842
YFL059W	P43545
YEL027W	P25515
YCL009C	P25605
YFL060C	P43544
YHR215W	P38693
YHR109W	P38818
YHR190W	P29704
YLR058C	P37291
YNL009W	P53982
YKL148C	Q00711
YDR020C	Q12084
YOL103W	P30606
YGL067W	P53164
YOR347C	P52489
YJL091C	P47026
YGL077C	P19807
YIL010W	P40553
YIR032C	P32459
YDR533C	Q04432
YFL045C	P07283
YLR143W	Q12429
YDL238C	Q07729
YFL018C	P09624
YNL130C	P17898
YIL172C	P0CW40
YIL172C	P0CW41
YBR241C	P38142
YNR008W	P40345
YGR061C	P38972
YLR060W	P15624
YJL088W	P05150
YER119C	P40074
YJL068C	P40363
YGL065C	P43636
YOR180C	Q08558
YBR263W	P37292
YIL083C	P40506
YJR152W	P15365
YBR111C	Q01976
